{
    "balanced_accuracy_score": 0.5486175772467891,
    "precision_score": 0.9418093065376698,
    "recall_score": 0.9444040697674418,
    "f1_score": 0.9410844464250468
}